Column,Type,p_value,Drift_Detected
Unnamed: 0,No Change,1.0,NO
Unnamed: 1,No Change,1.0,NO
Unnamed: 2,No Change,1.0,NO
Unnamed: 3,No Change,1.0,NO
Unnamed: 4,No Change,1.0,NO
Unnamed: 5,No Change,1.0,NO
Unnamed: 6,No Change,1.0,NO
Unnamed: 7,No Change,1.0,NO
Unnamed: 8,No Change,1.0,NO
Unnamed: 9,No Change,1.0,NO
Unnamed: 10,No Change,1.0,NO
Unnamed: 11,No Change,1.0,NO
Unnamed: 12,No Change,1.0,NO
Unnamed: 13,No Change,1.0,NO
Unnamed: 14,No Change,1.0,NO
Unnamed: 15,No Change,1.0,NO
Unnamed: 16,No Change,1.0,NO
Unnamed: 17,No Change,1.0,NO
